"code","group","unit","first_date","last_date","n_values","n_missing_in_span","pct_missing_in_span","min","median","max","n_out_range","n_spike","n_flat_run","qc_flags"
"PREC","precipitation","in",1985-10-01,2026-10-05,14980,0,0,0,27.9,69.8,0,NA,NA,"E=5381; K=2; V=9597"
"PRCP","precipitation","in",1985-10-01,2026-10-03,14977,1,0,0,0,4,0,NA,NA,"E=6821; K=3; V=8153"
"PRCPSA","precipitation","in",1985-10-01,2026-10-03,14977,1,0,0,0,4,0,NA,NA,"E=6821; K=3; V=8153"
"TMAX","air temperature","degF",1985-08-22,2026-10-04,14688,331,2.2,-60.3,47.5,256.6,66,27,5,"C=7107; E=33; V=7548"
"TMIN","air temperature","degF",1985-08-22,2026-10-04,14714,305,2,-60.3,22.5,256.6,42,19,2,"C=7150; E=32; V=7532"
"TAVG","air temperature","degF",1985-08-22,2026-10-04,14726,293,2,-60.3,32.2,256.6,40,15,2,"C=7158; E=32; V=7536"
"WTEQ","snow","in",1985-08-22,2026-10-05,15020,0,0,0,7.3,61.2,0,7,NA,"E=6376; V=8644"
"SNWD","snow","in",1997-10-09,2026-10-05,10265,324,3.1,0,24,147,0,4,NA,"E=2797; K=1; V=7467"
"SMS_2","soil moisture","pct",2010-06-16,2026-10-05,4966,990,16.6,0,18.5,39.8,0,102,0,"V=4966"
"SMS_8","soil moisture","pct",2010-06-18,2026-10-05,4797,1157,19.4,0,19.3,34.4,0,55,0,"V=4797"
"SMS_20","soil moisture","pct",2010-06-19,2026-10-05,4794,1159,19.5,0,28.8,38.2,0,24,3,"V=4794"
"STO_2","soil temperature","degF",2010-06-16,2026-10-05,5670,286,4.8,-460,33,623,882,262,0,"V=5670"
"STO_8","soil temperature","degF",2010-06-16,2026-10-05,4859,1097,18.4,-460,34,623,71,19,6,"V=4859"
"STO_20","soil temperature","degF",2010-06-18,2026-10-05,4794,1160,19.5,32,35,518,6,NA,8,"E=1; V=4793"
