"code","Year","n_days","n_values","pct_present"
"PRCP",1985,132,92,69.7
"PRCP",1986,365,365,100
"PRCP",1987,365,365,100
"PRCP",1988,366,366,100
"PRCP",1989,365,365,100
"PRCP",1990,365,365,100
"PRCP",1991,365,365,100
"PRCP",1992,366,366,100
"PRCP",1993,365,365,100
"PRCP",1994,365,365,100
"PRCP",1995,365,365,100
"PRCP",1996,366,366,100
"PRCP",1997,365,365,100
"PRCP",1998,365,365,100
"PRCP",1999,365,365,100
"PRCP",2000,366,366,100
"PRCP",2001,365,365,100
"PRCP",2002,365,365,100
"PRCP",2003,365,365,100
"PRCP",2004,366,366,100
"PRCP",2005,365,365,100
"PRCP",2006,365,365,100
"PRCP",2007,365,365,100
"PRCP",2008,366,366,100
"PRCP",2009,365,365,100
"PRCP",2010,365,365,100
"PRCP",2011,365,365,100
"PRCP",2012,366,366,100
"PRCP",2013,365,365,100
"PRCP",2014,365,365,100
"PRCP",2015,365,365,100
"PRCP",2016,366,366,100
"PRCP",2017,365,365,100
"PRCP",2018,365,365,100
"PRCP",2019,365,365,100
"PRCP",2020,366,366,100
"PRCP",2021,365,365,100
"PRCP",2022,365,365,100
"PRCP",2023,365,365,100
"PRCP",2024,366,366,100
"PRCP",2025,365,365,100
"PRCP",2026,278,275,98.9
"PRCPSA",1985,132,92,69.7
"PRCPSA",1986,365,365,100
"PRCPSA",1987,365,365,100
"PRCPSA",1988,366,366,100
"PRCPSA",1989,365,365,100
"PRCPSA",1990,365,365,100
"PRCPSA",1991,365,365,100
"PRCPSA",1992,366,366,100
"PRCPSA",1993,365,365,100
"PRCPSA",1994,365,365,100
"PRCPSA",1995,365,365,100
"PRCPSA",1996,366,366,100
"PRCPSA",1997,365,365,100
"PRCPSA",1998,365,365,100
"PRCPSA",1999,365,365,100
"PRCPSA",2000,366,366,100
"PRCPSA",2001,365,365,100
"PRCPSA",2002,365,365,100
"PRCPSA",2003,365,365,100
"PRCPSA",2004,366,366,100
"PRCPSA",2005,365,365,100
"PRCPSA",2006,365,365,100
"PRCPSA",2007,365,365,100
"PRCPSA",2008,366,366,100
"PRCPSA",2009,365,365,100
"PRCPSA",2010,365,365,100
"PRCPSA",2011,365,365,100
"PRCPSA",2012,366,366,100
"PRCPSA",2013,365,365,100
"PRCPSA",2014,365,365,100
"PRCPSA",2015,365,365,100
"PRCPSA",2016,366,366,100
"PRCPSA",2017,365,365,100
"PRCPSA",2018,365,365,100
"PRCPSA",2019,365,365,100
"PRCPSA",2020,366,366,100
"PRCPSA",2021,365,365,100
"PRCPSA",2022,365,365,100
"PRCPSA",2023,365,365,100
"PRCPSA",2024,366,366,100
"PRCPSA",2025,365,365,100
"PRCPSA",2026,278,275,98.9
"PREC",1985,132,92,69.7
"PREC",1986,365,365,100
"PREC",1987,365,365,100
"PREC",1988,366,366,100
"PREC",1989,365,365,100
"PREC",1990,365,365,100
"PREC",1991,365,365,100
"PREC",1992,366,366,100
"PREC",1993,365,365,100
"PREC",1994,365,365,100
"PREC",1995,365,365,100
"PREC",1996,366,366,100
"PREC",1997,365,365,100
"PREC",1998,365,365,100
"PREC",1999,365,365,100
"PREC",2000,366,366,100
"PREC",2001,365,365,100
"PREC",2002,365,365,100
"PREC",2003,365,365,100
"PREC",2004,366,366,100
"PREC",2005,365,365,100
"PREC",2006,365,365,100
"PREC",2007,365,365,100
"PREC",2008,366,366,100
"PREC",2009,365,365,100
"PREC",2010,365,365,100
"PREC",2011,365,365,100
"PREC",2012,366,366,100
"PREC",2013,365,365,100
"PREC",2014,365,365,100
"PREC",2015,365,365,100
"PREC",2016,366,366,100
"PREC",2017,365,365,100
"PREC",2018,365,365,100
"PREC",2019,365,365,100
"PREC",2020,366,366,100
"PREC",2021,365,365,100
"PREC",2022,365,365,100
"PREC",2023,365,365,100
"PREC",2024,366,366,100
"PREC",2025,365,365,100
"PREC",2026,278,278,100
"SMS_2",1985,132,0,0
"SMS_2",1986,365,0,0
"SMS_2",1987,365,0,0
"SMS_2",1988,366,0,0
"SMS_2",1989,365,0,0
"SMS_2",1990,365,0,0
"SMS_2",1991,365,0,0
"SMS_2",1992,366,0,0
"SMS_2",1993,365,0,0
"SMS_2",1994,365,0,0
"SMS_2",1995,365,0,0
"SMS_2",1996,366,0,0
"SMS_2",1997,365,0,0
"SMS_2",1998,365,0,0
"SMS_2",1999,365,0,0
"SMS_2",2000,366,0,0
"SMS_2",2001,365,0,0
"SMS_2",2002,365,0,0
"SMS_2",2003,365,0,0
"SMS_2",2004,366,0,0
"SMS_2",2005,365,0,0
"SMS_2",2006,365,0,0
"SMS_2",2007,365,0,0
"SMS_2",2008,366,0,0
"SMS_2",2009,365,0,0
"SMS_2",2010,365,25,6.8
"SMS_2",2011,365,148,40.5
"SMS_2",2012,366,3,0.8
"SMS_2",2013,365,132,36.2
"SMS_2",2014,365,364,99.7
"SMS_2",2015,365,365,100
"SMS_2",2016,366,366,100
"SMS_2",2017,365,365,100
"SMS_2",2018,365,365,100
"SMS_2",2019,365,365,100
"SMS_2",2020,366,366,100
"SMS_2",2021,365,365,100
"SMS_2",2022,365,363,99.5
"SMS_2",2023,365,365,100
"SMS_2",2024,366,366,100
"SMS_2",2025,365,365,100
"SMS_2",2026,278,278,100
"SMS_20",1985,132,0,0
"SMS_20",1986,365,0,0
"SMS_20",1987,365,0,0
"SMS_20",1988,366,0,0
"SMS_20",1989,365,0,0
"SMS_20",1990,365,0,0
"SMS_20",1991,365,0,0
"SMS_20",1992,366,0,0
"SMS_20",1993,365,0,0
"SMS_20",1994,365,0,0
"SMS_20",1995,365,0,0
"SMS_20",1996,366,0,0
"SMS_20",1997,365,0,0
"SMS_20",1998,365,0,0
"SMS_20",1999,365,0,0
"SMS_20",2000,366,0,0
"SMS_20",2001,365,0,0
"SMS_20",2002,365,0,0
"SMS_20",2003,365,0,0
"SMS_20",2004,366,0,0
"SMS_20",2005,365,0,0
"SMS_20",2006,365,0,0
"SMS_20",2007,365,0,0
"SMS_20",2008,366,0,0
"SMS_20",2009,365,0,0
"SMS_20",2010,365,4,1.1
"SMS_20",2011,365,0,0
"SMS_20",2012,366,0,0
"SMS_20",2013,365,132,36.2
"SMS_20",2014,365,364,99.7
"SMS_20",2015,365,365,100
"SMS_20",2016,366,366,100
"SMS_20",2017,365,365,100
"SMS_20",2018,365,365,100
"SMS_20",2019,365,365,100
"SMS_20",2020,366,366,100
"SMS_20",2021,365,365,100
"SMS_20",2022,365,363,99.5
"SMS_20",2023,365,365,100
"SMS_20",2024,366,366,100
"SMS_20",2025,365,365,100
"SMS_20",2026,278,278,100
"SMS_8",1985,132,0,0
"SMS_8",1986,365,0,0
"SMS_8",1987,365,0,0
"SMS_8",1988,366,0,0
"SMS_8",1989,365,0,0
"SMS_8",1990,365,0,0
"SMS_8",1991,365,0,0
"SMS_8",1992,366,0,0
"SMS_8",1993,365,0,0
"SMS_8",1994,365,0,0
"SMS_8",1995,365,0,0
"SMS_8",1996,366,0,0
"SMS_8",1997,365,0,0
"SMS_8",1998,365,0,0
"SMS_8",1999,365,0,0
"SMS_8",2000,366,0,0
"SMS_8",2001,365,0,0
"SMS_8",2002,365,0,0
"SMS_8",2003,365,0,0
"SMS_8",2004,366,0,0
"SMS_8",2005,365,0,0
"SMS_8",2006,365,0,0
"SMS_8",2007,365,0,0
"SMS_8",2008,366,0,0
"SMS_8",2009,365,0,0
"SMS_8",2010,365,7,1.9
"SMS_8",2011,365,0,0
"SMS_8",2012,366,0,0
"SMS_8",2013,365,132,36.2
"SMS_8",2014,365,364,99.7
"SMS_8",2015,365,365,100
"SMS_8",2016,366,366,100
"SMS_8",2017,365,365,100
"SMS_8",2018,365,365,100
"SMS_8",2019,365,365,100
"SMS_8",2020,366,366,100
"SMS_8",2021,365,365,100
"SMS_8",2022,365,363,99.5
"SMS_8",2023,365,365,100
"SMS_8",2024,366,366,100
"SMS_8",2025,365,365,100
"SMS_8",2026,278,278,100
"SNWD",1985,132,0,0
"SNWD",1986,365,0,0
"SNWD",1987,365,0,0
"SNWD",1988,366,0,0
"SNWD",1989,365,0,0
"SNWD",1990,365,0,0
"SNWD",1991,365,0,0
"SNWD",1992,366,0,0
"SNWD",1993,365,0,0
"SNWD",1994,365,0,0
"SNWD",1995,365,0,0
"SNWD",1996,366,0,0
"SNWD",1997,365,82,22.5
"SNWD",1998,365,351,96.2
"SNWD",1999,365,354,97
"SNWD",2000,366,359,98.1
"SNWD",2001,365,360,98.6
"SNWD",2002,365,343,94
"SNWD",2003,365,321,87.9
"SNWD",2004,366,230,62.8
"SNWD",2005,365,334,91.5
"SNWD",2006,365,344,94.2
"SNWD",2007,365,355,97.3
"SNWD",2008,366,350,95.6
"SNWD",2009,365,363,99.5
"SNWD",2010,365,362,99.2
"SNWD",2011,365,365,100
"SNWD",2012,366,366,100
"SNWD",2013,365,365,100
"SNWD",2014,365,365,100
"SNWD",2015,365,365,100
"SNWD",2016,366,366,100
"SNWD",2017,365,365,100
"SNWD",2018,365,365,100
"SNWD",2019,365,365,100
"SNWD",2020,366,366,100
"SNWD",2021,365,365,100
"SNWD",2022,365,365,100
"SNWD",2023,365,365,100
"SNWD",2024,366,366,100
"SNWD",2025,365,365,100
"SNWD",2026,278,278,100
"STO_2",1985,132,0,0
"STO_2",1986,365,0,0
"STO_2",1987,365,0,0
"STO_2",1988,366,0,0
"STO_2",1989,365,0,0
"STO_2",1990,365,0,0
"STO_2",1991,365,0,0
"STO_2",1992,366,0,0
"STO_2",1993,365,0,0
"STO_2",1994,365,0,0
"STO_2",1995,365,0,0
"STO_2",1996,366,0,0
"STO_2",1997,365,0,0
"STO_2",1998,365,0,0
"STO_2",1999,365,0,0
"STO_2",2000,366,0,0
"STO_2",2001,365,0,0
"STO_2",2002,365,0,0
"STO_2",2003,365,0,0
"STO_2",2004,366,0,0
"STO_2",2005,365,0,0
"STO_2",2006,365,0,0
"STO_2",2007,365,0,0
"STO_2",2008,366,0,0
"STO_2",2009,365,0,0
"STO_2",2010,365,178,48.8
"STO_2",2011,365,308,84.4
"STO_2",2012,366,250,68.3
"STO_2",2013,365,278,76.2
"STO_2",2014,365,364,99.7
"STO_2",2015,365,365,100
"STO_2",2016,366,366,100
"STO_2",2017,365,365,100
"STO_2",2018,365,365,100
"STO_2",2019,365,365,100
"STO_2",2020,366,366,100
"STO_2",2021,365,365,100
"STO_2",2022,365,363,99.5
"STO_2",2023,365,364,99.7
"STO_2",2024,366,365,99.7
"STO_2",2025,365,365,100
"STO_2",2026,278,278,100
"STO_20",1985,132,0,0
"STO_20",1986,365,0,0
"STO_20",1987,365,0,0
"STO_20",1988,366,0,0
"STO_20",1989,365,0,0
"STO_20",1990,365,0,0
"STO_20",1991,365,0,0
"STO_20",1992,366,0,0
"STO_20",1993,365,0,0
"STO_20",1994,365,0,0
"STO_20",1995,365,0,0
"STO_20",1996,366,0,0
"STO_20",1997,365,0,0
"STO_20",1998,365,0,0
"STO_20",1999,365,0,0
"STO_20",2000,366,0,0
"STO_20",2001,365,0,0
"STO_20",2002,365,0,0
"STO_20",2003,365,0,0
"STO_20",2004,366,0,0
"STO_20",2005,365,0,0
"STO_20",2006,365,0,0
"STO_20",2007,365,0,0
"STO_20",2008,366,0,0
"STO_20",2009,365,0,0
"STO_20",2010,365,6,1.6
"STO_20",2011,365,0,0
"STO_20",2012,366,0,0
"STO_20",2013,365,132,36.2
"STO_20",2014,365,364,99.7
"STO_20",2015,365,365,100
"STO_20",2016,366,366,100
"STO_20",2017,365,365,100
"STO_20",2018,365,365,100
"STO_20",2019,365,365,100
"STO_20",2020,366,366,100
"STO_20",2021,365,365,100
"STO_20",2022,365,363,99.5
"STO_20",2023,365,365,100
"STO_20",2024,366,364,99.5
"STO_20",2025,365,365,100
"STO_20",2026,278,278,100
"STO_8",1985,132,0,0
"STO_8",1986,365,0,0
"STO_8",1987,365,0,0
"STO_8",1988,366,0,0
"STO_8",1989,365,0,0
"STO_8",1990,365,0,0
"STO_8",1991,365,0,0
"STO_8",1992,366,0,0
"STO_8",1993,365,0,0
"STO_8",1994,365,0,0
"STO_8",1995,365,0,0
"STO_8",1996,366,0,0
"STO_8",1997,365,0,0
"STO_8",1998,365,0,0
"STO_8",1999,365,0,0
"STO_8",2000,366,0,0
"STO_8",2001,365,0,0
"STO_8",2002,365,0,0
"STO_8",2003,365,0,0
"STO_8",2004,366,0,0
"STO_8",2005,365,0,0
"STO_8",2006,365,0,0
"STO_8",2007,365,0,0
"STO_8",2008,366,0,0
"STO_8",2009,365,0,0
"STO_8",2010,365,17,4.7
"STO_8",2011,365,54,14.8
"STO_8",2012,366,0,0
"STO_8",2013,365,132,36.2
"STO_8",2014,365,364,99.7
"STO_8",2015,365,365,100
"STO_8",2016,366,366,100
"STO_8",2017,365,365,100
"STO_8",2018,365,365,100
"STO_8",2019,365,365,100
"STO_8",2020,366,366,100
"STO_8",2021,365,365,100
"STO_8",2022,365,363,99.5
"STO_8",2023,365,364,99.7
"STO_8",2024,366,365,99.7
"STO_8",2025,365,365,100
"STO_8",2026,278,278,100
"TAVG",1985,132,129,97.7
"TAVG",1986,365,360,98.6
"TAVG",1987,365,362,99.2
"TAVG",1988,366,365,99.7
"TAVG",1989,365,365,100
"TAVG",1990,365,365,100
"TAVG",1991,365,365,100
"TAVG",1992,366,365,99.7
"TAVG",1993,365,309,84.7
"TAVG",1994,365,344,94.2
"TAVG",1995,365,364,99.7
"TAVG",1996,366,365,99.7
"TAVG",1997,365,363,99.5
"TAVG",1998,365,363,99.5
"TAVG",1999,365,364,99.7
"TAVG",2000,366,365,99.7
"TAVG",2001,365,365,100
"TAVG",2002,365,363,99.5
"TAVG",2003,365,341,93.4
"TAVG",2004,366,230,62.8
"TAVG",2005,365,339,92.9
"TAVG",2006,365,365,100
"TAVG",2007,365,365,100
"TAVG",2008,366,366,100
"TAVG",2009,365,365,100
"TAVG",2010,365,363,99.5
"TAVG",2011,365,364,99.7
"TAVG",2012,366,366,100
"TAVG",2013,365,365,100
"TAVG",2014,365,365,100
"TAVG",2015,365,365,100
"TAVG",2016,366,366,100
"TAVG",2017,365,365,100
"TAVG",2018,365,365,100
"TAVG",2019,365,365,100
"TAVG",2020,366,366,100
"TAVG",2021,365,365,100
"TAVG",2022,365,363,99.5
"TAVG",2023,365,365,100
"TAVG",2024,366,365,99.7
"TAVG",2025,365,365,100
"TAVG",2026,278,276,99.3
"TMAX",1985,132,129,97.7
"TMAX",1986,365,360,98.6
"TMAX",1987,365,362,99.2
"TMAX",1988,366,365,99.7
"TMAX",1989,365,365,100
"TMAX",1990,365,365,100
"TMAX",1991,365,365,100
"TMAX",1992,366,365,99.7
"TMAX",1993,365,309,84.7
"TMAX",1994,365,353,96.7
"TMAX",1995,365,365,100
"TMAX",1996,366,366,100
"TMAX",1997,365,363,99.5
"TMAX",1998,365,363,99.5
"TMAX",1999,365,364,99.7
"TMAX",2000,366,365,99.7
"TMAX",2001,365,365,100
"TMAX",2002,365,364,99.7
"TMAX",2003,365,341,93.4
"TMAX",2004,366,230,62.8
"TMAX",2005,365,339,92.9
"TMAX",2006,365,365,100
"TMAX",2007,365,365,100
"TMAX",2008,366,350,95.6
"TMAX",2009,365,330,90.4
"TMAX",2010,365,363,99.5
"TMAX",2011,365,365,100
"TMAX",2012,366,366,100
"TMAX",2013,365,365,100
"TMAX",2014,365,365,100
"TMAX",2015,365,365,100
"TMAX",2016,366,366,100
"TMAX",2017,365,365,100
"TMAX",2018,365,365,100
"TMAX",2019,365,365,100
"TMAX",2020,366,366,100
"TMAX",2021,365,365,100
"TMAX",2022,365,363,99.5
"TMAX",2023,365,365,100
"TMAX",2024,366,365,99.7
"TMAX",2025,365,365,100
"TMAX",2026,278,276,99.3
"TMIN",1985,132,130,98.5
"TMIN",1986,365,360,98.6
"TMIN",1987,365,362,99.2
"TMIN",1988,366,365,99.7
"TMIN",1989,365,365,100
"TMIN",1990,365,365,100
"TMIN",1991,365,365,100
"TMIN",1992,366,365,99.7
"TMIN",1993,365,309,84.7
"TMIN",1994,365,346,94.8
"TMIN",1995,365,364,99.7
"TMIN",1996,366,365,99.7
"TMIN",1997,365,362,99.2
"TMIN",1998,365,363,99.5
"TMIN",1999,365,363,99.5
"TMIN",2000,366,365,99.7
"TMIN",2001,365,365,100
"TMIN",2002,365,359,98.4
"TMIN",2003,365,341,93.4
"TMIN",2004,366,229,62.6
"TMIN",2005,365,339,92.9
"TMIN",2006,365,364,99.7
"TMIN",2007,365,363,99.5
"TMIN",2008,366,365,99.7
"TMIN",2009,365,365,100
"TMIN",2010,365,362,99.2
"TMIN",2011,365,364,99.7
"TMIN",2012,366,366,100
"TMIN",2013,365,365,100
"TMIN",2014,365,365,100
"TMIN",2015,365,365,100
"TMIN",2016,366,365,99.7
"TMIN",2017,365,365,100
"TMIN",2018,365,365,100
"TMIN",2019,365,365,100
"TMIN",2020,366,366,100
"TMIN",2021,365,365,100
"TMIN",2022,365,361,98.9
"TMIN",2023,365,365,100
"TMIN",2024,366,365,99.7
"TMIN",2025,365,365,100
"TMIN",2026,278,276,99.3
"WTEQ",1985,132,132,100
"WTEQ",1986,365,365,100
"WTEQ",1987,365,365,100
"WTEQ",1988,366,366,100
"WTEQ",1989,365,365,100
"WTEQ",1990,365,365,100
"WTEQ",1991,365,365,100
"WTEQ",1992,366,366,100
"WTEQ",1993,365,365,100
"WTEQ",1994,365,365,100
"WTEQ",1995,365,365,100
"WTEQ",1996,366,366,100
"WTEQ",1997,365,365,100
"WTEQ",1998,365,365,100
"WTEQ",1999,365,365,100
"WTEQ",2000,366,366,100
"WTEQ",2001,365,365,100
"WTEQ",2002,365,365,100
"WTEQ",2003,365,365,100
"WTEQ",2004,366,366,100
"WTEQ",2005,365,365,100
"WTEQ",2006,365,365,100
"WTEQ",2007,365,365,100
"WTEQ",2008,366,366,100
"WTEQ",2009,365,365,100
"WTEQ",2010,365,365,100
"WTEQ",2011,365,365,100
"WTEQ",2012,366,366,100
"WTEQ",2013,365,365,100
"WTEQ",2014,365,365,100
"WTEQ",2015,365,365,100
"WTEQ",2016,366,366,100
"WTEQ",2017,365,365,100
"WTEQ",2018,365,365,100
"WTEQ",2019,365,365,100
"WTEQ",2020,366,366,100
"WTEQ",2021,365,365,100
"WTEQ",2022,365,365,100
"WTEQ",2023,365,365,100
"WTEQ",2024,366,366,100
"WTEQ",2025,365,365,100
"WTEQ",2026,278,278,100
